{"cameraMode":{"drawMode":0,"name":"Shaded","section":"Shading Mode"},"sceneLighting":true,"audioPlay":false,"sceneViewState":{"m_AlwaysRefresh":false,"showFog":true,"showSkybox":true,"showFlares":true,"showImageEffects":true,"showParticleSystems":true,"showVisualEffectGraphs":true,"m_FxEnabled":true},"in2DMode":false,"pivot":{"x":0.29891976714134219,"y":-0.33404940366744997,"z":-14.386409759521485},"rotation":{"x":0.021176425740122796,"y":0.954958438873291,"z":-0.2875722050666809,"w":0.07031267881393433},"size":2.0465526580810549,"orthographic":true}