{"cameraMode":{"drawMode":0,"name":"Shaded","section":"Shading Mode"},"sceneLighting":true,"audioPlay":false,"sceneViewState":{"m_AlwaysRefresh":false,"showFog":true,"showSkybox":true,"showFlares":true,"showImageEffects":true,"showParticleSystems":true,"showVisualEffectGraphs":true,"m_FxEnabled":true},"in2DMode":false,"pivot":{"x":4.93244743347168,"y":2.9906222820281984,"z":-2.5413904190063478},"rotation":{"x":0.1760788857936859,"y":-0.005610593128949404,"z":0.0010067883413285018,"w":0.9843826293945313},"size":10.111552238464356,"orthographic":false}