{"cameraMode":{"drawMode":0,"name":"Shaded","section":"Shading Mode"},"sceneLighting":true,"audioPlay":false,"sceneViewState":{"m_AlwaysRefresh":false,"showFog":true,"showSkybox":true,"showFlares":true,"showImageEffects":true,"showParticleSystems":true,"showVisualEffectGraphs":true,"m_FxEnabled":true},"in2DMode":false,"pivot":{"x":0.0000133514404296875,"y":1.9997751712799073,"z":-189.42140197753907},"rotation":{"x":-0.2072533369064331,"y":0.02081206999719143,"z":-0.004433425143361092,"w":-0.9780834317207336},"size":3.8256101608276369,"orthographic":false}