{"cameraMode":{"drawMode":0,"name":"Shaded","section":"Shading Mode"},"sceneLighting":true,"audioPlay":false,"sceneViewState":{"m_AlwaysRefresh":false,"showFog":true,"showSkybox":true,"showFlares":true,"showImageEffects":true,"showParticleSystems":true,"showVisualEffectGraphs":true,"m_FxEnabled":true},"in2DMode":false,"pivot":{"x":135.45753479003907,"y":356.84124755859377,"z":-8.546028137207032},"rotation":{"x":0.06669037789106369,"y":-0.06879008561372757,"z":0.004610654432326555,"w":0.995399534702301},"size":168.9882049560547,"orthographic":true}