{"cameraMode":{"drawMode":0,"name":"Shaded","section":"Shading Mode"},"sceneLighting":true,"audioPlay":false,"sceneViewState":{"m_AlwaysRefresh":false,"showFog":true,"showSkybox":true,"showFlares":true,"showImageEffects":true,"showParticleSystems":true,"showVisualEffectGraphs":true,"m_FxEnabled":true},"in2DMode":false,"pivot":{"x":60.086647033691409,"y":-2.9735684394836427,"z":234.5423583984375},"rotation":{"x":0.7143858075141907,"y":-0.012589294463396073,"z":0.012861738912761212,"w":0.699537992477417},"size":509.0566711425781,"orthographic":true}