{"cameraMode":{"drawMode":0,"name":"Shaded","section":"Shading Mode"},"sceneLighting":true,"audioPlay":false,"sceneViewState":{"m_AlwaysRefresh":false,"showFog":true,"showSkybox":true,"showFlares":true,"showImageEffects":true,"showParticleSystems":true,"showVisualEffectGraphs":true,"m_FxEnabled":true},"in2DMode":false,"pivot":{"x":11.058053970336914,"y":88.73133850097656,"z":50.361480712890628},"rotation":{"x":0.2617923617362976,"y":0.01158131193369627,"z":-0.003141270251944661,"w":0.9650492072105408},"size":67.82130432128906,"orthographic":true}